Nombre completo;Nombre de usuario;email;password
Juan García Gómez;juangomez;juangomez@example.com;U'EJlUy9
Lorena Sáez Pérez;lorenasaez;lorenasaez@example.com;o64?'Y\V
Luis Gómez García;luisgarcia;luisgarcia@example.com;q%U.uvs\
Marta López Martínez;martalópez;martalópez@example.com;YZn`Fi5L
Marta Moreno Díaz;martamoreno;martamoreno@example.com;4bc'-~]r
Marta Díaz Moreno;martadíaz;martadíaz@example.com;H%aVWWMA
Sergio Fernández Moreno;sergiofernández;sergiofernández@example.com;Z=#L%Nad
David Martínez Moreno;davidmartínez1;davidmartínez1@example.com;(<=w@Tn!
Ana López Fernández;analópez;analópez@example.com;kYe\+%`6
Pedro López Pérez;pedrolópez;pedrolópez@example.com;4g3Rhy]e
Pedro Fernández Álvarez;pedrofernández;pedrofernández@example.com;^5)DsG'G
Javier Fernández Moreno;javierfernández;javierfernández@example.com;r8q_WF_-
María Martínez Rodríguez;maríamartínez;maríamartínez@example.com;>RKRbL`j
Lucía Pérez López;lucíapérez1;lucíapérez@example.com;vh4^,dpR
Pedro Díaz Rodríguez;pedrodíaz;pedrodíaz@example.com;*q.w[Ssz
David Martínez Álvarez;davidmartínez2;davidmartínez2@example.com;0z`I2,Mf
Javier Gómez Sánchez;javiergómez;javiergómez@example.com;L*uL}SYx
Sergio Pérez Moreno;sergiopérez;sergiopérez@example.com;RGVVk@2a
Lucía Pérez Gómez;lucíapérez2;lucíapérez@example.com;D:pL$U9S
Carlos Fernández López;carlosfernández;carlosfernández@example.com;R@nd0mP@ss4!